Home	Home	subst:sg:nom:m3
and	and	subst:sg:nom:m3
Away	Away	subst:sg:nom:m3
(	(	interp
1988	1988	num:pl:nom:m3:rec
)	)	interp
jako	jako	conj
Geoff	Geoff	subst:sg:nom:m1
Thomas	Thomas	subst:sg:nom:m1
(	(	interp
1996	1996	num:pl:nom:m3:rec
)	)	interp
Shortland	Shortland	subst:sg:nom:m3
Street	Street	subst:sg:nom:m3
(	(	interp
1992	1992	num:pl:nom:m3:congr
)	)	interp
jako	jako	conj
Stuart	Stuart	subst:sg:nom:m1
Neilson	Neilson	subst:sg:nom:m1
Echo	Echo	subst:sg:nom:m3
Point	Point	subst:sg:nom:m3
(	(	interp
1995	1995	num:pl:nom:m3:rec
)	)	interp
jako	jako	conj
Zac	Zac	subst:sg:nom:m1
Brennan	Brennan	subst:sg:nom:m1
Siódme	siódmy	adj:pl:nom:m3:pos
poty	pot	subst:pl:nom:m3
(	(	interp
Sweat	Sweat	subst:sg:nom:m3
,	,	interp
1996	1996	num:pl:nom:m3:rec
)	)	interp
jako	jako	conj
Tom	Tom	subst:sg:nom:m1
Nash	Nash	subst:sg:nom:m1
Big	Big	subst:sg:nom:m3
Sky	Sky	subst:sg:nom:m3
(	(	interp
1997	1997	num:pl:nom:m3:rec
-	-	interp
1999	1999	num:pl:nom:m3:rec
)	)	interp
jako	jako	conj
Scotty	Scotty	subst:sg:nom:m1
Gibbs	Gibbs	subst:sg:nom:m1
Dr	doktor	brev:npun
House	House	subst:sg:nom:m1
(	(	interp
House	House	subst:sg:nom:m1
,	,	interp
M	M	brev:pun
.	.	interp
D	D	brev:pun
.	.	interp
,	,	interp
2004	2004	num:pl:nom:m3:rec
)	)	interp
jako	jako	conj
Jeff	Jeff	subst:sg:nom:m1
(	(	interp
gościnnie	gościnnie	adv:pos
)	)	interp
