655 podobny-1
  0 lustrzany-4
  0 koci-3
  0 rechotliwy-4
  0 mieszczański-5
  0 wydrowaty-4
  0 nauczycielski-3
  0 małpi-3
  0 pastewny-2
  17 rzeczywisty-2
    0 równokątny-1
    1 naturalny-6
      0 natywny-3
    13 prawdziwy-5
      0 autentystyczny-1
      11 realistyczny-1
        0 półfantastyczny-1
        1 żywy-13
          0 ejdetyczny-1
        0 fotorealistyczny-1
        1 werystyczny-1
          VISITED 0 flaubertowski-1
        4 obrazowy-2, plastyczny-3
          2 malarski-3
            0 piktorialny-3
            0 piktorialny-2
          0 malowniczy-3
  0 oleisty-4
  0 chomikowy-3
  1 analogiczny-1
    0 proporcjonalny-3
  0 wodzowski-3
  0 makaroniarski-4
  0 iluzjonistyczny-4
  0 korowodowy-2
  0 furgonowy-1
  0 lirowy-2
  0 dzięciołowaty-1
  0 muchowaty-1
  0 fontannowy-2
  0 mrówkowaty-1
  0 motyli-3, motylowy-1
  0 fartuszkowy-2
  0 leszczynowaty-1
  0 powrózkowaty-1
  0 kurkowaty-1
  0 biczowy-3
  0 serwetkowy-4
  0 świstaczy-2
  0 kliprowy-1
  0 discopolowy-2
  0 kameowy-2
  0 kaczeńcowy-1
  0 prosięcy-3
  0 ptysiowy-2
  0 cęgowy-1
  0 pokemonowy-4
  0 pokemonowy-3
  0 parówkowy-2
  0 kieliszkowy-2
  0 buldoży-1
  0 młotowy-1
  0 kościany-2
  0 gutaperkowy-2
  0 anemonowy-2
  0 kurczakowy-1
  0 konfiturowy-3
  0 angeliczny-3
  0 keksowy-2
  0 babkowy-4
  0 substytucyjny-4
  0 gołąbkowy-6
  0 wielorybi-1
  0 papuzi-2
  0 ziemiopodobny-2
  0 ziemiopodobny-1
  0 bluegrassowy-2
  0 dytyrambiczny-1
  0 piekielny-5
  0 szympansi-2
  0 kartaczowy-2
  0 antropoidalny-1
  0 frędzlasty-2, frędzlowaty-1, frędzelkowaty-1, pędzelkowaty-1, frędzlisty-1
  0 orzechowaty-3
  0 elficki-3
  0 bibulasty-1
  0 lemurowaty-1
  0 spiżowy-4
  0 homomorficzny-4
  0 homomorficzny-2
  0 koniowaty-2
  0 księżycowy-5
  8 drewnopodobny-1
    VISITED 7 drewniany-7
  0 łupkowaty-1
  0 żakardowy-2
  1 patykowaty-2, łodygowaty-1, tykowaty-2
    0 patyczkowaty-1
  0 steroidowy-2, sterydowy-3
  0 małpiasty-1
  0 grzybiasty-1
  0 szopowy-2
  0 szpilkowaty-3
  1 mięsopodobny-1
    0 kurczakowy-2
  0 byczy-5
  0 trzciniasty-2
  0 recytacyjny-2
  0 piorunowy-3, błyskawicowy-1
  0 homologiczny-3
  0 jedwabisty-3
  0 soplicowski-3
  0 gorczycowy-3
  0 papierowy-2, welinowy-5
  0 izomorficzny-4
  0 izomorficzny-3
  0 szyszkowaty-1, szyszkowy-1
  0 kłosowaty-1
  0 powojowaty-1
  196 przypominający-1
    0 rybi-4
    0 roślinny-4
    0 słupowy-2
    0 gąsienicowaty-3
    0 gąsienicowaty-2
    0 morski-4
    0 mączny-4, mączysty-2, mączasty-2
    0 dymny-3
    0 allenowski-2
    0 fasolowaty-3
    0 naszyjnikowy-2
    0 gąsienicowaty-1
    0 nosorożcowaty-2
    0 nosorożcowaty-1
    0 muszelkowy-3, muszelkowaty-1
    0 muminkowaty-2, muminkowy-3
    0 muminkowy-2, muminkowaty-1
    0 morwowaty-3
    0 morwowaty-2
    0 morświnowaty-1
    0 monetowy-1
    0 borowikowaty-1
    0 bąkowaty-1
    0 jeżowaty-1
    0 tkaninowy-3
    1 słupkowy-2
      0 krótkosłupkowy-1
    0 strączkowaty-2
    0 stokrotkowy-3
    0 piórowy-2
    0 kołpakowaty-1
    0 acetonowy-1
    0 komarzy-2
    0 hipopotami-2
    1 kucykowaty-1
      0 fiordowaty-2
    0 fiordowaty-1
    0 sukienkowy-4
    0 soczewicowaty-2
    0 amebowy-2
    0 długopisowy-1
    0 młotkowy-6
    0 świerszczowy-2
    0 karuzelowy-2
    0 arenowy-1
    0 rozpuszczalnikowy-3
    0 rurowaty-1
    0 paprociowy-2
    0 drabiniasty-1
    0 kontrabasowy-3
    0 wrzosowiskowy-2
    0 bawełnopodobny-1
    0 jamniczy-2, jamnikowaty-1
    0 harfowy-2
    0 mączny-3, mączasty-1, mączysty-1
    0 jeżasty-1
    0 dachówkowy-2
    0 szczudłowaty-1, szczudlasty-1
    0 torbiasty-1, workowaty-2
    0 pufiasty-2
    0 pajęczasty-1
    0 szafiasty-1, szafowy-1
    0 lukrowy-2
    0 kompotowy-4
    0 krzaczasty-3
    0 maślany-5, masłowy-4
    0 czułkowaty-2
    0 zębowaty-2
    0 bulwowaty-1
    0 żółwiowaty-1
    0 czapeczkowaty-1
    0 robaczkowaty-1
    0 jelonkowaty-1
    0 wieżyczkowaty-1, wieżyczkowy-1
    0 młotowaty-1
    0 piernikowy-4
    0 piernikowy-3
    0 płomykowaty-1
    0 wapienny-3
    0 krukowaty-1
    0 budyniowaty-1
    0 kukurydziany-5
    0 ziemniaczany-4, kartoflany-4
    0 watowaty-1
    0 gryzoniowaty-1
    0 bananowaty-1
    0 daktylowy-3
    0 bułowaty-3
    0 pucharowy-4
    0 żebrowaty-3, żeberkowaty-2
    0 palcowaty-1
    0 modliszkowaty-1
    0 pergaminowaty-1
    1 bulionowy-3
      0 rosołowy-3
    0 mopsowaty-1
    0 marmurowy-5
    0 kubkowaty-1
    0 drzewkowaty-1
    22 owocowy-4
      0 leśny-5
      0 muskatowy-4
      0 melonowy-2
      0 arbuzowy-3
      0 wieloowocowy-2
      0 mandarynkowy-1
      0 śliwkowy-6
      0 granatowy-5
      0 aroniowy-3
      0 mangowy-4
      0 truskawkowy-5
      0 poziomkowy-4
      0 pomarańczowy-3
      0 jabłkowy-2, jabłczany-3
      1 ananasowy-4
        0 ananasowaty-1
      0 wiśniowy-6
      0 morelowy-6
      0 gruszkowy-4
      0 malinowy-5
      0 brzoskwiniowy-7
      0 czereśniowy-5
    0 dłutowaty-1
    0 szopowaty-3
    0 szopowaty-1
    0 słupkowaty-1
    0 granitowy-3
    0 sznurowaty-1
    0 osowaty-1
    0 lirowaty-1
    0 piórkowaty-1
    0 pajacowaty-3
    0 pokrzywowaty-1
    0 bluszczowaty-1
    0 torpedowaty-1
    1 cebulowaty-1, cebulasty-1
      0 cebulkowaty-1
    1 słupowaty-1
      0 słupiasty-1
    1 językowaty-1
      0 języczkowaty-1
    0 lisowaty-1
    0 iksowaty-1
    0 pałkowaty-1
    0 szydłowaty-1
    1 wstęgowaty-1, taśmowaty-1
      0 tasiemcowaty-4
    0 kołkowaty-2
    0 biczowaty-1
    0 ryjkowaty-1
    0 butelkowaty-1
    0 jaszczurkowaty-1
    0 dzióbkowaty-1, dziobkowaty-1
    0 kiszkowaty-1
    0 chomikowaty-1
    0 żabowaty-3, ropuchowaty-4
    0 żabowaty-2
    0 szczurowaty-2
    0 jaszczurowaty-1
    0 ropuchowaty-2
    0 papugowaty-3
    7 drewniany-7
      0 jabłoniowy-4
      0 brzozowy-4
      0 mahoniowy-4
      0 orzechowy-7
      0 dębowy-3
      0 jesionowy-3
      0 bukowy-3
    2 mleczny-5
      0 jogurtowy-3
      0 śmietankowy-1
    0 laskowy-2
    3 skóropodobny-1, skórzany-3
      0 fibrowy-1
      0 skórkowaty-1
      0 zamszowaty-1
    0 pierzasty-3
    0 oszczepowaty-1
    0 lancetowaty-1
    4 rurkowaty-1
      0 rurkowy-4
      0 tubowy-1
      0 tulejowy-3
      0 cewkowaty-1
    1 kartoflowaty-1
      0 kartofelkowaty-1
    0 tunelowy-4
    0 baniasty-1
    0 nieckowaty-1, nieckowy-1
    1 dymny-2
      0 kadzidlany-4
    2 wężowaty-1
      0 węgorzowaty-1
      0 żmijowaty-1
    0 łezkowaty-1
  0 cycaty-2
  0 robakowaty-1
  0 ropuchowaty-1
  0 wąsaty-2
  0 papirusowy-4
  3 ptasi-2
    0 sówkowaty-1
    0 szpaczy-2
    0 pisklęcy-1
  0 króliczy-3
  0 kaczy-3, kaczkowaty-2
  0 organiczny-4
  0 ptaszęcy-3
  1 nieodrodny-1
    VISITED 0 wykapany-1, czysty-10
  0 szczekliwy-3
  0 szczekliwy-2
  0 szczebiotliwy-2, świergotliwy-2, szwargotliwy-2
  0 jednoimienny-3, równoimienny-1
  0 bachiczny-2, bachusowy-2
  0 paramedyczny-2
  0 muszlowy-1
  0 synonimiczny-1, bliskoznaczny-1
  0 koński-2
  0 bliźniaczy-2, zbliźniaczony-3, bliźnięcy-2
  1 cały-4, calutki-4, caluteńki-4, caluśki-4, calusieńki-4
    0 wykapany-1, czysty-10
  0 siostrzany-2
  0 nitkowaty-1
  1 trupi-1
    0 trupioblady-1
  311 charakterystyczny-2
    2 kontynentalny-5
      VISITED 0 kontynentalny-3
      0 kontynentalny-2
    0 ślubny-3
    0 stołeczny-2
    0 islamski-4
    0 buddyjski-4
    0 strefowy-6
    0 chirurgiczny-6
    0 psalmiczny-2
    0 hymniczny-4
    0 anglosaski-2
    0 astmatyczny-3
    0 operowy-10
    0 operowy-7
    0 operowy-6
    0 świętojański-3
    0 deterministyczny-2
    0 młodziuteńki-3, młodziusieńki-2
    0 niestary-3
    0 starawy-4
    0 starutki-3, stareńki-3
    0 naleciały-3
    0 cenzorski-3
    0 rosyjski-2
    0 ciężki-23
    1 kaznodziejski-5
      0 kaznodziejski-4
    0 lisi-4
    0 kuglarski-3
    0 psi-3
    0 misiowaty-3
    0 fantastycznonaukowy-3
    0 bukoliczny-3
    0 allenowski-3
    0 twistowy-5
    0 twistowy-2
    0 konceptualistyczny-4
    0 fotelowy-2
    0 formułowy-2
    0 felietonowy-2, felietonistyczny-2
    0 autostradowy-2
    0 kibucowy-2
    0 płazi-2
    0 żydowski-3
    0 krzyżówkowy-2
    0 kołysankowy-2
    0 przedrenesansowy-1
    0 szczypiorkowy-4
    1 semicki-2
      0 żydowski-5
    0 solipsystyczny-1
    0 hamletyczny-3
    0 capi-3
    0 capi-1
    0 androgenny-3
    0 żakietowy-2
    0 panturecki-2
    0 sukienkowy-5
    0 sceptycki-2
    0 perypatetyczny-2
    1 wyspiarski-2
      VISITED 0 wyspiarski-3
    0 rhythmandbluesowy-2
    0 funkowy-2
    0 leptosomiczny-1
    0 pindaryczny-1
    0 hipokratesowy-2, hipokratesowski-2
    0 homiletyczny-2
    0 bebopowy-3
    0 epicedialny-2
    0 fagotowy-2
    0 wiedźmowy-2
    0 dyngusowy-2, śmigusowy-2
    0 prometeuszowy-2, prometejski-1
    0 polonezowy-2
    0 menuetowy-3
    0 menuetowy-2
    0 partyturowy-2
    0 pastiszowy-2
    0 emaliowy-4
    0 krasnoludzki-2
    0 piekarniany-2
    0 kreozotowy-2
    0 onanistyczny-3
    0 kamieniczny-2
    0 kastanietowy-2
    0 kognitywistyczny-3
    0 kognitywistyczny-2
    0 housowy-2
    0 ambientowy-2
    0 countrowy-2
    0 liberyjny-1
    0 starokatolicki-2
    0 smokingowy-2
    0 hip-hopowy-3, hiphopowy-4
    0 altowy-5
    1 marynarkowy-1
      0 fraczkowy-2
    0 bigbandowy-2
    0 demonologiczny-3
    0 melanżowy-3
    0 heliotropowy-5
    3 jazzowy-2
      VISITED 0 jazz-rockowy-3
      0 freejazzowy-1
      0 bebopowy-4
    1 rockandrollowy-1
      0 bigbitowy-2, bigbeatowy-2
    0 woluntarystyczny-3
    0 witalistyczny-2
    0 oceaniczny-2
    0 nowotestamentalny-2
    0 starotestamentalny-2
    0 mezomorficzny-1
    0 endomorficzny-1
    0 paranaukowy-1
    0 antylopi-2
    0 mimozowy-2
    0 swingowy-1
    0 austriacki-3
    0 algierski-2
    0 zaduszkowy-2
    0 afgański-4
    1 azjatycki-3
      0 japoński-3
    0 nekrologiczny-2
    0 poprockowy-2
    0 jazzrockowy-2
    0 żbiczy-2
    10 rockowy-2
      0 jazz-rockowy-3
      0 artrockowy-2
      0 punkrockowy-2, pankowy-2, punkowy-3
      5 metalowy-4
        0 powermetalowy-2
        0 folkmetalowy-2
        0 thrashmetalowy-2, trashowy-2
        0 deathmetalowy-2
        0 blackmetalowy-2
      0 hardrockowy-2
    0 katatoniczny-1
    0 antypedagogiczny-2
    0 olęderski-2
    1 węgierski-3
      0 gulaszowy-5
    0 cyklopowy-1, cyklopi-2
    0 operowy-5
    0 kangurzy-2, kangurowy-2
    0 mangowy-2
    0 jaskrowy-4
    0 przedromantyczny-2
    0 grypowy-2
    0 nowotworowy-2
    0 strukturalistyczny-2
    0 południowy-4
    0 socjobiologiczny-2
    0 dagerotypowy-1
    0 elfi-2
    0 rumieniowaty-1
    0 sowizdrzalski-3
    1 oratorski-2, krasomówczy-1
      0 cyceroński-2, cyceroniański-1
    0 sowizdrzalski-2
    0 funkcjonalistyczny-4
    0 śledziowy-5
    0 funkcjonalistyczny-3
    0 porcelanowy-4
    0 anakreontyczny-1
    0 wysokogórski-2
    0 wolterowski-4
    0 wolterowski-2
    0 keplerowski-2
    0 katoński-2
    0 wajdowski-3
    0 schulzowski-2
    0 rembrandtowski-3
    0 rafaelowski-2
    0 metternichowski-2
    0 dżinsowy-2, jeansowy-2
    1 wschodniochrześcijański-2
      0 głagolicki-3
    0 conradowski-2
    0 pascalowski-2
    0 witkiewiczowski-1
    0 brahmsowski-2
    0 stendhalowski-3
    0 edypowy-3, edypalny-2
    0 schopenhauerowski-1
    0 tołstojowski-2
    0 picassowski-2
    0 stańczykowski-3
    0 rabelaisowski-2
    0 mahlerowski-3
    0 chanelowski-1
    0 ektomorficzny-1
    0 breżniewowski-2
    0 pikarejski-1
    0 różewiczowski-1
    0 mrożkowski-3
    0 traperski-2
    0 monteskiuszowski-3
    0 herbertowski-2
    0 bachtinowski-3
    0 kretschmerowski-2
    0 ibsenowski-3
    0 erazmiański-2
    0 mannowski-3
    0 dickensowski-1
    0 witkacowski-1
    0 walterskotowski-1, walterscottowski-1
    0 heraklitejski-2, heraklitowy-2
    0 neokantowski-2
    0 putinowski-2
    0 rejowski-3, rejowy-3
    0 maltuzjański-2
    0 grottgerowski-3
    0 bergsonowski-2
    0 burszowski-2
    0 wałęsowski-3
    0 spielbergowski-2
    0 jungowski-2
    0 gogolowski-2
    0 tuwimowski-2
    0 bajronowski-2, byronowski-2, bajroniczny-2
    0 brechtowski-2
    0 urwisowski-1
    0 strindbergowski-2
    0 spencerowski-2
    0 chaplinowski-2
    0 apaszowski-2, apaszowy-2
    0 tramwajarski-3
    0 proustowski-1
    0 żywiczny-3
    0 flaubertowski-1
    0 encyklopedyczny-2
    0 ezopowy-3
    0 archeologiczny-2
    0 kafkowski-3
    0 beethovenowski-3
    0 pickwickowski-1
    0 szekspirowski-2
    0 nadreński-3
    0 michnikowski-1
    0 mozartowski-2
    0 hitlerowski-3
    0 chopinowski-3, szopenowski-3
    0 felliniowski-2
    0 faustowski-1, faustyczny-1
    0 einsteinowski-2
    0 darwinowski-2, darwinistyczny-2
    0 bergmanowski-2
    0 disneyowski-2, disnejowski-2
    0 bachowski-3
    0 freudowski-1
    0 heideggerowski-2
    0 pełzakowaty-1, ameboidalny-1
    0 podobny-2
    3 brytyjski-2
      0 wyspiarski-3
      0 szkocki-2
      0 angielski-2
    2 europejski-3
      0 kontynentalny-3
      0 południowoeuropejski-2
    0 patriarchalny-3
    0 norwidowski-1
    0 mickiewiczowski-1, mickiewiczowy-1
    0 sekciarski-2
    0 wężowy-1
    0 amfiteatralny-1
    6 starczy-1, stary-6
      0 zestarzały-3
      0 sędziwy-3
      2 postarzały-2
        0 zdziadziały-2
        0 babkowaty-4
      0 zgrzybiały-2
    0 horacjański-2
    0 fredrowski-1
    0 balzakowski-2
    0 koguci-2
    0 platoński-1
    0 kantowski-2
    0 heglowski-1
    0 arystotelesowski-1, arystotelesowy-2
    0 puszkinowski-3
    0 proletariacki-2
    1 śródziemnomorski-1
      0 judeochrześcijański-1
    0 rodzinny-3
    1 rybi-2, rybny-3
      0 śledziowy-2, śledziowaty-2
    0 gombrowiczowski-2
    0 młodziutki-2, młodziuchny-2
    0 świętoszkowaty-2
    0 homerycki-1, homerowski-1, homeryczny-3
    0 łotrowski-3
    0 hollywoodzki-2
    0 australijski-2
    0 afrykański-2
    0 białoruski-1
    6 młody-2, młodzieńczy-5
      0 cherubinowy-2
      0 świeżutki-4
      2 świeży-8
        0 pierwiosnkowy-2
        0 rześki-2, rzeźwy-2
      0 smarkaty-3
    4 grecki-1
      0 helladzki-2
      0 staroattycki-2
      0 peryklejski-1
      0 attycki-2
