wieśniak|wsiowy	wieś|wioska
góral	góry
proboszcz|pleban	plebania|probostwo|proboszczówka
stróż	stróżówka
Afrykańczyk|Afrykanin	Afryka|Czarny Ląd
Azjata	Azja
Chińczyk	Chiny|Chińska Republika Ludowa
Egipcjanin	Egipt|Arabska Republika Egiptu
Europejczyk	Europa|stary kontynent|kontynent
Amerykanin|Jankes|jankes	USA|Ameryka|Stany Zjednoczone|Stany
Anglik	Anglia
Irlandczyk	Irlandia|Republika Irlandii
Szkot	Szkocja
dozorca	dozorcówka
kanonik	kanonia
miastowy	miasto|gród
pastor	pastorówka
Rosjanin	Rosja|Federacja Rosyjska
Włoch	Włochy|Italia|Republika Włoska
Rzymianin|starożytny Rzymianin	Rzym|Cesarstwo Rzymskie
wikary|wikariusz	wikariat|wikarówka
Brytyjczyk|wyspiarz	Wielka Brytania|Anglia|Zjednoczone Królestwo Wielkiej Brytanii i Irlandii Północnej|Korona Brytyjska
Hiszpan	Hiszpania|Iberia|Królestwo Hiszpanii
krakowianin|krakowiak	Kraków
Rumun	Rumunia
starosądeczanin	Stary Sącz
Szwajcar	Szwajcaria|Konfederacja Szwajcarska
Ukrainiec	Ukraina
wadowiczanin	Wadowice
Wietnamczyk	Wietnam|Socjalistyczna Republika Wietnamu
organista|dławiduda	organistówka
Libijczyk	Libia|Wielka Arabska Libijska Dżamahirijja Ludowo-Socjalistyczna|Państwo Libia
wyspiarz	wyspa
Austriak|Rakuszanin	Austria|Republika Austrii
Belg	Belgia|Królestwo Belgii
Czech|Pepik|Pepiczek|pepik|pepiczek	Czechy|Bohemia|Republika Czeska
Fin	Finlandia|Republika Finlandii
Francuz	Francja|Republika Francuska
Irakijczyk	Irak|Republika Iraku
Litwin|Budrys	Litwa|Republika Litewska
Niemiec|Niemiaszek|niemiaszek	Niemcy|Republika Federalna Niemiec|RFN
Polak	Polska|kraj nad Wisłą|Polonia|Rzeczpospolita
Szwed	Szwecja|Królestwo Szwecji
Słowak	Słowacja|Republika Słowacka
Bask	Baskonia
Ziemianin	Ziemia|kula ziemska|niebieska planeta|świat|trzecia planeta od Słońca|glob|padół|błękitna planeta
niebianin	raj|niebo|niebiosy|niebiosa
leśnik|leśniczy	leśniczówka
Australijczyk	Australia
blokers|blockers	blokowisko
Marsjanin	Mars
Wenusjanin	Wenus
południowiec	południe
Dalmatyńczyk	Dalmacja
Chorwat	Chorwacja|Republika Chorwacji
Spartanin|Spartańczyk	Sparta|Lacedemonia|Lacedemon
goplana	Gopło
świtezianka	Świteź
prowincjusz	prowincja|zaścianek
Japończyk	Japonia|Cesarstwo Japonii|Kraj Kwitnącej Wiśni|Kraj Wschodzącego Słońca|Nippon
Grek|Hellen	Grecja|Hellada|Republika Grecka
kresowianin|kresowiak	Kresy
Walijczyk	Walia
Etiopczyk|Abisyńczyk	Etiopia|Abisynia
Hindus	Indie|Republika Indii
Irańczyk	Iran|Islamska Republika Iranu
Jugosłowianin	Jugosławia
enerdowiec|Enerdowiec	NRD|Niemiecka Republika Demokratyczna
Królewiak|Kongresowiak	Królestwo Kongresowe|Kongresówka|Królestwo Polskie
Królewiak|Kongresowiak	Księstwo Warszawskie
Rusin	Ruś
Sowiet	Związek Socjalistycznych Republik Radzieckich|Związek Radziecki|ZSRR|Związek Sowiecki|Sowiety
Tajlandczyk|Syjamczyk|Taj	Tajlandia|Królestwo Tajlandii|Syjam
Węgier|Madziar	Węgry|Republika Węgierska
Słoweniec	Słowenia|Republika Słowenii
Kenijczyk	Kenia|Republika Kenii
Watykańczyk|Watykanin	Watykan|państwo kościelne|Stolica Apostolska|Stolica Piotrowa|Państwo Watykańskie|Rzym
Armeńczyk|Ormianin	Armenia|Republika Armenii
Amerykanin	Ameryka
Kanadyjczyk	Kanada
poznanianin|poznaniak	Poznań
warszawianin|warszawiak	Warszawa
wrocławianin|wrocławiak	Wrocław
Czerkies	Karaczajo-Czerkiesja
Czerkies	Kaukaz
Babilończyk|Chaldejczyk	Babilonia|Chaldeja
gdańszczanin	Gdańsk
Maltańczyk	Malta|Republika Malty
Trak	Tracja
Algierczyk	Algieria|Algierska Republika Ludowo-Demokratyczna
Argentyńczyk	Argentyna|Republika Argentyńska
Brazylijczyk	Brazylia|Federacyjna Republika Brazylii
Bułgar	Bułgaria|Republika Bułgarii
Czechosłowak	Czecho-Słowacja|Druga Republika Czechosłowacka
Czechosłowak	Czechosłowacja|Czechosłowacka Republika Socjalistyczna|CSRS
Duńczyk	Dania|Królestwo Danii
Estończyk	Estonia|Republika Estońska
Skandynaw	Skandynawia
Norweg	Norwegia|Królestwo Norwegii
Gruzin	Gruzja|Republika Gruzji
Azerbejdżanin|Azer	Azerbejdżan|Republika Azerbejdżanu
Gwinejczyk	Gwinea Równikowa|Republika Gwinei Równikowej
Gwinejczyk	Gwinea Bissau|Republika Gwinei Bissau
Gwinejczyk	Gwinea|Republika Gwinei
Portugalczyk	Portugalia|Republika Portugalska
Albańczyk	Albania|Republika Albanii
Holender	Holandia|Królestwo Holandii
Niderlandczyk	Niderlandy
Luksemburczyk	Luksemburg|Wielkie Księstwo Luksemburga
luksemburczyk	Luksemburg
Indonezyjczyk	Indonezja|Republika Indonezji
Jamajczyk	Jamajka
Macedończyk	Macedonia|Republika Macedonii
rzymianin	Rzym
Libańczyk	Liban|Republika Libańska
Malezyjczyk	Malezja|Federacja Malezji|Malaje
Meksykanin	Meksyk|Meksykańskie Stany Zjednoczone
Mołdawianin	Mołdawia|Republika Mołdawii|Mołdowa
Podhalanin	Podhale
Kozak	Kozaczyzna
andrychowianin	Andrychów
chrzanowianin	Chrzanów
dębiczanin	Dębica
katowiczanin	Katowice
kryniczanin	Krynica-Zdrój
kryniczanin	Krynica Morska
mielczanin	Mielec
rzeszowianin|rzeszowiak	Rzeszów
zakopianin|zakopiańczyk	Zakopane
gorliczanin	Gorlice
wiślanin	Wisła
Białorusin	Białoruś|Republika Białorusi
Kubańczyk	Kuba|Republika Kuby
Kurd	Kurdystan
Łemko	Łemkowszczyzna
Palestyńczyk	Palestyna|Gaza
Wołoch	Wołoszczyzna
Zaporożec	Zaporoże|Niż
kaliszanin	Kalisz Pomorski
kaliszanin	Kalisz
gajowy	gajówka
nadleśniczy	nadleśniczówka
cieszynianin	Cieszyn
Helweta	Helwecja
Galilejczyk	Galilea
paryżanin	Paryż
Mazowszanin	Mazowsze
Afgańczyk|Afgan	Afganistan|Islamska Republika Afganistanu|Islamskie Państwo Afganistanu
Andorczyk	Andora|Księstwo Andory
Islandczyk	Islandia|Republika Islandii
Bośniak	Bośnia i Hercegowina|Republika Bośni i Hercegowiny
Hercegowińczyk	Hercegowina
Cypryjczyk	Cypr|Republika Cypryjska
Czarnogórzec	Czarnogóra|Republika Czarnogóry
Małopolanin	Małopolska
Dolnoślązak	Dolny Śląsk
Wielkopolanin	Wielkopolska
Pomorzanin	Pomorze
szczecinianin	Szczecin
Kujawiak|Kujawianin	Kujawy
bydgoszczanin	Bydgoszcz
Ślązak	Górny Śląsk|Śląsk
Podlasianin|Podlasiak|Podlasiuk	Podlasie
olsztynianin	Olsztyn
Warmiak	Warmia
Mazur	Mazury
Łotysz	Łotwa|Republika Łotewska
Monakijczyk	Monako|Księstwo Monako
Serb	Serbia|Republika Serbii
Fenicjanin	Fenicja
Bizantyjczyk|Bizantyńczyk	Cesarstwo Bizantyńskie|Cesarstwo Bizantyjskie|Cesarstwo Wschodniorzymskie|Bizancjum
brzeszczanin	Brzeszcze
brzeszczanin	Brzesko
nowotarżanin	Nowy Targ
piwniczanin	Piwniczna-Zdrój|Piwniczna
selenita	Księżyc
gdynianin	Gdynia
esseńczyk	Essen
prażanin|prażak	Praga
Baszkir	Baszkiria|Baszkortostan|Republika Baszkortostanu
lublinianin|lubliniak	Lublin
pilźnianin	Pilzno
sanoczanin	Sanok|Królewskie Wolne Miasto Sanok
trzebinianin	Trzebinia
Lewantyńczyk	Bliski Wschód|Lewant
Ghańczyk	Ghana|Republika Ghany
nowojorczyk	Nowy Jork|Nowy York|New York|New York City
bochnianin	Bochnia
jaślanin	Jasło
libiążanin	Libiąż
jarosławianin	Jarosław
krośnianin	Krosno Odrzańskie
krośnianin	Krosno
bełchatowianin	Bełchatów
bielszczanin	Bielsk Podlaski
bielszczanin	Bielsko-Biała
chorzowianin	Chorzów
częstochowianin	Częstochowa
dąbrowianin	Dąbrowa Tarnowska
dąbrowianin	Dąbrowa Białostocka
dąbrowianin	Dąbrowa Górnicza
gorzowianin	Gorzów Śląski
gorzowianin	Gorzów Wielkopolski
głogowianin	Głogów
głogowianin	Głogów Małopolski
myśleniczanin	Myślenice
ostrowianin	Ostrów Lubelski
ostrowianin	Ostrów Wielkopolski
ostrowianin	Ostrów Mazowiecka
zielonogórzanin	Zielona Góra
kielczanin	Kielce
berlińczyk	Berlin
florentyńczyk|florentczyk	Florencja
gliwiczanin	Gliwice
lwowiak|lwowianin	Lwów
monachijczyk	Monachium
nowosądeczanin|sądeczanin	Nowy Sącz
olkuszanin	Olkusz
oświęcimianin	Oświęcim
przemyślanin	Przemyśl
rabczanin	Rabka-Zdrój|Rabka
szczawniczanin	Szczawnica
słupszczanin	Słupsk
torunianin	Toruń
żywczanin	Żywiec
łodzianin	Łódź
czchowianin	Czchów
tyszanin	Tychy
bytomianin	Bytom Odrzański
bytomianin	Bytom
opolanin	Opole
prażak|prażanin	Praga
Trojanin|Trojańczyk	Troja|Ilion
Tasmańczyk	Tasmania
Korsykanin|Korsykańczyk	Korsyka
Syberyjczyk|Sybirak	Syberia|Sybir
Kurp	Kurpie
Jawajczyk|Jawańczyk	Jawa
Sumatrzanin|Sumatryjczyk	Sumatra
Koreańczyk	Korea Południowa|Republika Korei
Koreańczyk	Korea Północna|Koreańska Republika Ludowo-Demokratyczna|KRLD
białostoczanin	Białystok
tarnowianin	Tarnów Opolski
tarnowianin	Tarnów
łowiczanin	Łowicz
skierniewiczanin	Skierniewice
tokijczyk	Tokio
londyńczyk	Londyn
lizbończyk	Lizbona
dublińczyk	Dublin
mediolańczyk	Mediolan
wenecjanin	Wenecja
Izraelczyk	Izrael|Państwo Izrael
moskwianin|moskwiczanin	Moskwa
Maltańczyk	Malta
Prusak	Prusy
Brunejczyk	Brunei|Państwo Brunei Darussalam|Państwo Brunei Kraj Pokoju
ateńczyk	Ateny
Grek|starożytny Grek	Grecja
Hellen	Hellada
Achaj	Achaja
Bałkańczyk	Bałkany
Asyryjczyk	Asyria
Gal|Gall	Galia
Łużyczanin|Serbołużyczanin	Łużyce
Turek	Turcja|Republika Turcji
Wołyniak|Wołynianin	Wołyń
Hucuł	Huculszczyzna
Jemeńczyk	Jemen|Republika Jemeńska
Pers	Persja
internatowiec|bursista|bursiarz	internat|bursa
Kolumbijczyk	Kolumbia|Republika Kolumbii
Kongijczyk	Kongo|Republika Konga|Kongo-Brazzaville
Kameruńczyk	Kamerun|Republika Kamerunu
Nubijczyk	Nubia
Czeczen|Czeczeniec	Czeczenia|Republika Czeczeńska
Kreteńczyk	Kreta
zabrzanin	Zabrze
Germanin	Germania
Fryz	Fryzja
abderyta	Abdera
Tunezyjczyk	Tunezja|Republika Tunezyjska
Marokańczyk	Maroko|Królestwo Maroka|Królestwo Marokańskie
Etrusk	Etruria
żyrardowianin	Żyrardów
tarnogórzanin	Tarnowskie Góry
Samnita	Samnium
wałbrzyszanin	Wałbrzych
Bawarczyk	Bawaria|Wolny Kraj Bawaria|Wolne Państwo Bawaria
sieneńczyk	Siena
Powiślanin	Powiśle
ryżanin	Ryga
mińszczanin	Mińsk
neapolitańczyk	Neapol
Pakistańczyk	Pakistan|Islamska Republika Pakistanu
mantuańczyk	Mantua
pekińczyk	Pekin
hawańczyk	Hawana
Babiogórzec	Babia Góra
bajończyk	Bajonna
bostończyk	Boston
koryntyjczyk|koryntianin	Korynt
niepołomiczanin	Niepołomice
sosnowczanin	Sosnowiec
kijowianin	Kijów
budapeszteńczyk	Budapeszt
chełmianin	Chełmno
chełmianin	Chełm
grodziszczanin	Grodzisk Mazowiecki
grodziszczanin	Grodzisk Wielkopolski
drohobyczanin	Drohobycz
Dominikańczyk	Dominikana|Republika Dominikańska
Galicjanin	Galicja
Galisyjczyk	Galicja
grudziądzanin	Grudziądz
konwiktor	konwikt
grodzianin	gród
Ingusz	Inguszetia
Udmurta	Udmurcja|Republika Udmurcka
Kirgiz	Kirgistan|Republika Kirgiska|Kirgizja
Klingon	Imperium Klingońskie
Żmudzin	Żmudź
Kaszub	Kaszuby
Kazach	Kazachstan|Republika Kazachstanu
Tyrolczyk	Tyrol
Tyrolczyk	Tyrol
sławkowianin	Sławków
wilnianin	Wilno
Szwab	Szwabia
Kartagińczyk|Punijczyk	Kartagina
Sumer|Sumeryjczyk	Sumer
Prusak	Prusy
Ket	Syberia|Sybir
Arakańczyk	Birma|Mjanma|Związek Birmański|Związek Myanmar
Gagauz	Gagauzja|Terytorium Autonomiczne Gagauzji
Adżar	Adżaria|Adżarska Republika Autonomiczna
Bojko	Bojkowszczyzna
Weps	Wepska Gmina Narodowa
Angolczyk	Angola|Republika Angoli
Nowojorczyk	Nowy York
andorczyk	Andora
Ateńczyk	Ateny
Maryjczyk	Mari El
Karyjczyk	Karia
Koreańczyk	Korea
Luksemburczyk	Luksemburgia
Macedończyk	Macedonia
Lach Sądecki	Sądecczyzna
Dunganie	Kirgistan|Republika Kirgiska|Kirgizja
Dunganie	Kazachstan|Republika Kazachstanu
meksykanin	Meksyk
Wielkorusin	Wielkorosja|Wielkoruś
Małorusin	Małorosja|Małoruś
zaporożanin	Zaporoże
Adygejczyk	Adygeja
chojnowianin	Chojnów
Mazowszanin	Mazowsze
Nogajowie	Kaukaz
Dołganie	Jakucja|Republika Sacha|Republika Jakucka
Tuareg	Sahara
Numida|Numidyjczyk	Numidia
Beota	Beocja
Lakończyk	Lakonia
Abchaz	Abchazja
Czuwasz	Czuwaszja|Republika Czuwaska
Dagestańczyk	Dagestan|Republika Dagestanu
Jakut	Jakucja|Republika Sacha|Republika Jakucka
Karel	Karelia|Republika Karelii
Singapurczyk	Singapur|Republika Singapuru
Saudyjczyk|Arab Saudyjski	Arabia Saudyjska|Królestwo Arabii Saudyjskiej
Antiguańczyk	Antigua i Barbuda
Australijczyk	Australia|Związek Australijski
Bahamczyk	Bahamy|Wspólnota Bahamów
Bahrajńczyk	Bahrajn|Królestwo Bahrajnu|Państwo Bahrajnu
Banglijczyk	Bangladesz|Ludowa Republika Bangladeszu
Barbadoszczyk|Barbadosyjczyk	Barbados
Belizeńczyk	Belize
Benińczyk	Benin|Republika Beninu
Bhutańczyk	Bhutan|Królestwo Bhutanu
Birmańczyk	Birma|Mjanma|Związek Birmański|Związek Myanmar
Boliwijczyk	Boliwia|Wielonarodowe Państwo Boliwia|Republika Boliwii
Botswańczyk	Botswana|Republika Botswany
Burundyjczyk	Burundi|Republika Burundi
Chilijczyk	Chile|Republika Chile
Czadyjczyk	Czad|Republika Czadu
Dominiczanin	Dominika|Wspólnota Dominiki
Dżibutczyk	Dżibuti|Republika Dżibuti
Ekwadorczyk	Ekwador|Republika Ekwadoru
Erytrejczyk	Erytrea|Państwo Erytrea|Erytreja
Fidżijczyk	Fidżi|Republika Fidżi
Filipińczyk	Filipiny|Republika Filipin
Gabończyk	Gabon|Republika Gabońska
Gambijczyk	Gambia|Republika Gambii
Grenadyjczyk	Grenada
Gujańczyk	Gujana|Kooperacyjna Republika Gujany
Gwatemalczyk	Gwatemala|Republika Gwatemali
Haitańczyk	Haiti|Republika Haiti
Honduranin|Honduraszczyk	Honduras|Republika Hondurasu
Jordańczyk	Jordania|Haszymidzkie Królestwo Jordanii
Kambodżanin	Kambodża|Królestwo Kambodży
Katarczyk	Katar|Państwo Katar|Państwo Kataru
Kiribatyjczyk	Kiribati|Republika Kiribati
Komoryjczyk	Komory|Związek Komorów
Kostarykanin	Kostaryka|Republika Kostaryki
Kuwejtczyk	Kuwejt|Państwo Kuwejt
Laotańczyk|Laosyjczyk	Laos|Laotańska Republika Ludowo-Demokratyczna
Sotyjczyk|Lesotyjczyk	Lesoto|Lesotho|Królestwo Lesotho
Liberyjczyk	Liberia|Republika Liberii
Kampuczanin	Ludowa Republika Kampuczy|Kampucza|Demokratyczna Kampucza
Madagaskarczyk	Madagaskar
Malawijczyk	Malawi|Republika Malawi
Malediwczyk	Malediwy|Republika Malediwów
Malijczyk	Mali|Republika Mali
Mauretańczyk	Mauretania|Islamska Republika Mauretańska
Maurytyjczyk	Mauritius|Republika Mauritiusu
Mikronezyjczyk	Mikronezja|Sfederowane Stany Mikronezji|Federacja Mikronezji
Mongoł	Mongolia
Mozambijczyk	Mozambik|Republika Mozambiku
Namibijczyk	Namibia|Republika Namibii
Naurańczyk	Nauru|Republika Nauru
Nepalczyk	Nepal
Nigerczyk	Niger|Republika Nigru
Nigeryjczyk	Nigeria|Federacyjna Republika Nigerii
Nikaraguańczyk	Nikaragua|Republika Nikaragui
Nowozelandczyk	Nowa Zelandia
Omańczyk	Oman|Sułtanat Omanu
Panamczyk	Panama|Republika Panamy
Papuańczyk	Papua-Nowa Gwinea|Niezależne Państwo Papui-Nowej Gwinei
Paragwajczyk	Paragwaj|Republika Paragwaju
Peruwianin|Peruwiańczyk	Peru|Republika Peru
Portorykańczyk	Portoryko|Puerto Rico|Stowarzyszone Wolne Państwo Portoryko|Wspólnota Portoryka
Południowoafrykańczyk	Republika Południowej Afryki|RPA
Rodezyjczyk	Rodezja|Republika Rodezji
Ruandyjczyk|Rwandyjczyk	Rwanda|Republika Rwandy|Ruanda
Salwadorczyk	Salwador|Republika Salwadoru
Samoańczyk	Samoa|Niezależne Państwo Samoa|Samoa Zachodnie
Sanmaryńczyk	San Marino|Republika San Marino
sanmaryńczyk	San Marino
dakarczyk	Dakar
Senegalczyk	Senegal|Republika Senegalu
Seszelczyk	Seszele|Republika Seszeli
Somalijczyk	Somalia|Federalna Republika Somalii
Lankijczyk	Sri Lanka|Demokratyczno-Socjalistyczna Republika Sri Lanki
Suazyjczyk	Suazi|Królestwo Suazi
Sudańczyk	Sudan|Republika Sudanu
Surinamczyk	Surinam|Republika Surinam
Syryjczyk	Syria|Syryjska Republika Arabska
Tadżyk	Tadżykistan|Republika Tadżykistanu
Tajwańczyk	Tajwan|Republika Chińska|Chińskie Tajpej
Tanzańczyk	Tanzania|Zjednoczona Republika Tanzanii
Togijczyk	Togo|Republika Togijska
Tongijczyk	Tonga|Królestwo Tonga
Trynidadczyk	Trynidad i Tobago|Republika Trynidadu i Tobago
Turkmen	Turkmenistan|Turkmenia
Ugandyjczyk	Uganda|Republika Ugandy
Urugwajczyk	Urugwaj|Wschodnia Republika Urugwaju
Borowiak	Bory Tucholskie
Uzbek	Uzbekistan|Republika Uzbekistanu
Wenezuelczyk	Wenezuela|Boliwariańska Republika Wenezueli|Republika Wenezueli
Zairczyk	Zair|Demokratyczna Republika Konga|Kongo Belgijskie|Wolne Państwo Kongo
Zambijczyk	Zambia|Republika Zambii
alwernianin	Alwernia
augustowianin	Augustów
iłżanin	Iłża
strumienianin	Strumień
baranowianin	Baranów Sandomierski
barcinianin	Barcin
bartoszyczanin	Bartoszyce
białogardzianin	Białogard
bieczanin	Biecz
bielawianin	Bielawa
bierunianin	Bieruń
biłgorajczyk	Biłgoraj
bobowianin	Bobowa
bogatynianin	Bogatynia
bojanowianin	Bojanowo
bolesławczanin	Bolesławiec
braniewianin	Braniewo
brańszczanin	Brańsk
brodniczanin	Brodnica
brzeżanin	Brzeg Dolny
brzeżanin	Brzeg
brzezinianin	Brzeziny
brześcianin	Brześć Kujawski
bukownianin	Bukowno
buszczanin	Busko-Zdrój
bychawianin	Bychawa
bytowianin	Bytów
będzinianin	Będzin
błażowianin	Błażowa
błonianin	Błonie
Biskupianin	Biskupizna
Białostocczanin	Białostocczyzna|Białostockie
