bohaterski	bohater
bryłowaty	bryła
błyskawiczny	błyskawica
ciekły	ciecz
cudowny	cudo
falisty	fala
gigantyczny	gigant
kolosalny	kolos
lawinowy	lawina
lazurowy	lazur
miniaturowy	miniatura
pański	pan
poetyczny	poezja
pustynny	pustynia
tubalny	tuba
ziemisty	ziemia
boski	bóg
bratni	brat
dziecinny	dziecina
pofalowany	fala
amatorski	amator
błyskawiczny	błyskawica
falisty	fala
ognisty	ogień
ślepy	ślepiec
pergaminowy	pergamin
puszysty	puch
puszysty	puch
złoty	złoto
encyklopedyczny	encyklopedia
zniewieściały	niewiasta
zbabiały	baba
kulisty	kula
atramentowy	atrament
hebanowy	heban
kirowy	kir
kruczy	kruk
śnieżny	śnieg
śnieżysty	śnieg
smolisty	smoła
bławatkowy	bławatek
chabrowy	chaber
indygowy	indygo
kobaltowy	kobalt
pawi	paw
szafirowy	szafir
turkusowy	turkus
buraczkowy	buraczek
ceglasty	cegła
ceglany	cegła
kalinowy	kalina
karminowy	karmin
krwawy	krew
krwisty	krew
mahoniowy	mahoń
makowy	mak
malinowoczerwony	malina
malinowy	malina
ognistoczerwony	ogień
płomienny	płomienie
płomienisty	płomienie
pomidorowy	pomidor
poziomkowy	poziomka
purpurowy	purpura
rubinowy	rubin
szkarłatny	szkarłat
wiśniowy	wiśnia
miedziany	miedź
rdzawy	rdza
pomarańczowy	pomarańcza
brzoskwiniowy	brzoskwinia
łososiowy	łosoś
marchewkowy	marchewka
morelowy	morela
cynamonowy	cynamon
czekoladowy	czekolada
kakaowy	kakao
kasztanowy	kasztan
kasztanowaty	kasztan
kawowy	kawa
migdałowy	migdał
orzechowy	orzech
piwny	piwo
tabaczkowy	tabaka
cappuccino	cappuccino
kremowy	krem
piaskowy	piasek
ametystowy	ametyst
fiołkowy	fiołek
liliowy	lilia
śliwkowy	śliwka
wrzosowy	wrzos
groszkowy	groszek
grynszpanowy	grynszpan
malachitowy	malachit
morski	morze
oliwkowozielony	oliwka
oliwkowy	oliwka
pistacjowy	pistacja
rezedowy	rezeda
szmaragdowy	szmaragd
trawiasty	trawa
srebrny	srebro
gołębi	gołąb
grafitowy	grafit
mysi	mysz
myszaty	mysz
ołowiany	ołów
popielaty	popiół
stalowy	stal
cyklamenowy	cyklamen
bananowy	banan
bursztynowy	bursztyn
cytrynowy	cytryna
herbaciany	herbata
kanarkowy	kanarek
konopny	konopie
miodowy	miód
pszeniczny	pszenica
słomkowy	słomka
szafranowy	szafran
topazowy	topaz
woskowy	wosk
złotolity	złoto
kwasowy	kwas
limonkowy	limonka
hiperboloidalny	hiperboloida
łezkowaty	łezka
alkoholowy	alkohol
bananowy	banan
angielski	Anglia
butelkowy	butelka
chłopski	chłop
diaboliczny	diabeł
cynamonowy	cynamon
cytrynowy	cytryna
czekoladowy	czekolada
neonowy	neon
perłowy	perła
pryzmatyczny	pryzmat
pryzmatyczny	pryzmat
trupi	trup
zygzakowaty	zygzak
ołówkowy	ołówek
anemiczny	anemia
anemiczny	anemia
despotyczny	despota
brylantowy	brylant
filmowy	film
półksiężycowy	półksiężyc
babski	baba
łotrowski	łotr
łajdacki	łajdak
łajdacki	łajdak
czworokątny	czworokąt
ośmiokątny	ośmiokąt
schodkowy	schodki
śmieciowy	śmieć
błotnisty	błoto
serpentynowy	serpentyna
pensjonarski	pensjonarka
rosisty	rosa
fortepianowy	fortepian
cebulowy	cebula
musztardowy	musztarda
paprykowy	papryka
śledziowy	śledź
śmietankowy	śmietanka
śmietankowy	śmietanka
śmietankowy	śmietanka
śmietanowy	śmietana
waniliowy	wanilia
nitkowaty	nitka
eterowy	eter
szubieniczny	szubienica
sześciokątny	sześciokąt
pilśniowy	pilśń
gliniasty	glina
gliniasty	glina
piknikowy	piknik
trzpiotowaty	trzpiot
szatański	szatan
świętoszkowaty	świętoszek
skurwysyński	skurwysyn
skurwysyński	skurwysyn
skurwysyński	skurwysyn
sielankowy	sielanka
idylliczny	idylla
pedalski	pedał
mogilny	mogiła
jedwabisty	jedwab
platynowy	platyna
filigranowy	filigran
wełnisty	wełna
myszowaty	mysz
wełnisty	wełna
groteskowy	groteska
megalomański	megaloman
melodramatyczny	melodramat
odkrywczy	odkrycie
plotkarski	plotka
purytański	purytanizm
małpi	małpa
lilipuci	liliput
kurduplowaty	kurdupel
kuglarski	kuglarz
koszmarny	koszmar
kakofoniczny	kakofonia
jaśniepański	jaśniepan
intrygancki	intrygant
gombrowiczowski	Gombrowicz
gazetowy	gazeta
febryczny	febra
szmirowaty	szmira
plastikowy	plastik
gówniany	gówno
naturalny	natura
skurwysyński	skurwysyn
wszawy	wesz
potworny	potwór
pieroński	pieron
gówniany	gówno
terakotowy	terakota
drański	drań
embrionalny	embrion
parateatralny	teatr
kopiasty	kopa
kopiasty	kopa
porcelanowy	porcelana
włosowaty	włos
lawendowy	lawenda
lurowaty	lura
miętowy	mięta
rumowy	rum
gąbczasty	gąbka
alabastrowy	alabaster
koński	koń
plamisty	plama
tygrysi	tygrys
woskowaty	wosk
łuskowaty	łuska
tulipanowy	tulipan
jaszczurczy	jaszczurka
gałęziasty	gałąź
gałęzisty	gałąź
grzywiasty	grzywa
kolczasty	kolec
pomnikowy	pomnik
łupkowy	łupek
agatowy	agat
akwamarynowy	akwamaryn
fiołkowy	fiołek
migdałowy	migdał
migdałowy	migdał
obsydianowy	obsydian
onyksowy	onyks
paciorkowaty	paciorek
rybi	ryba
rybi	ryba
szklisty	szkło
maniakalny	maniak
maniakalny	maniak
rycerski	rycerz
transowy	trans
książeczkowy	książeczka
płytkowy	płytka
kokosowy	kokos
konwaliowy	konwalia
rombowy	romb
rombowy	romb
widlasty	widły
szachownicowy	szachownica
pasmowy	pasmo
bazylikowy	bazylika
balladowy	ballada
kołowy	koło
ósemkowy	ósemka
beczkowaty	beczka
beczkowaty	beczka
beczułkowaty	beczułka
beczułkowaty	beczułka
cylindryczny	cylinder
elipsoidalny	elipsoida
falliczny	fallus
gruszkowaty	gruszka
jajowaty	jajo
liściowaty	liść
maczugowaty	maczuga
nerkowaty	nerka
parasolowaty	parasol
pałeczkowaty	pałeczka
pierścieniowaty	pierścień
podkowiasty	podkowa
półksiężycowaty	półksiężyc
romboidalny	romboid
sierpowaty	sierp
trapezoidalny	trapezoid
hakowaty	hak
owalny	owal
półkulisty	półkula
półokrągły	półokrąg
sinusoidalny	sinusoida
stożkowaty	stożek
tarczowaty	tarcza
walcowaty	walec
wężowaty	wąż
wrzecionowaty	wrzeciono
łopatkowaty	łopatka
brzuchaty	brzuch
tyczkowaty	tyczka
tyczkowaty	tyczka
bekonowy	bekon
kredowy	kreda
marmurkowy	marmurek
kawowy	kawa
kawowy	kawa
przebojowy	przebój
puszkinowski	Puszkin
parasolowy	parasol
falowy	fala
pająkowaty	pająk
pazurzasty	pazur
płetwiasty	płetwa
pałąkowaty	pałąk
poetycki	poezja
kabłąkowaty	kabłąk
klocowaty	kloc
klocowaty	kloc
klocowaty	kloc
patykowaty	patyk
patykowaty	patyk
sękaty	sęk
szczudłowaty	szczudło
szponiasty	szpon
słoniowaty	słoń
słoniowaty	słoń
harmonijkowy	harmonijka
mączysty	mąka
tolkienowski	Tolkien
gorączkowy	gorączka
pytyjski	Pytia
kosmetyczny	kosmetyka
kalejdoskopowy	kalejdoskop
guzowaty	guz
dymny	dym
ścięgnisty	ścięgno
łukowy	łuk
arabeskowy	arabeska
barokowy	barok
cyceroński	Cyceron
empirowy	empire
klasycystyczny	klasycyzm
gazeciarski	gazeta
bestialski	bestia
frajerski	frajer
ananasowy	ananas
gruszkowy	gruszka
jeżynowy	jeżyna
kleszczowy	kleszcze
pęcherzykowaty	pęcherzyk
gwiaździsty	gwiazda
gwieździsty	gwiazda
gwiaździsty	gwiazda
gwieździsty	gwiazda
muszlowy	muszla
muszlowy	muszla
ołowiany	ołów
budyniowy	budyń
budyniowy	budyń
zabawowy	zabawa
skrzynkowy	skrzynka
pudełkowy	pudełko
lwi	lew
aksamitny	aksamit
literacki	literatura
bluesowy	blues
operetkowy	operetka
atłasowy	atłas
kloszowy	klosz
nieckowaty	niecka
blaszkowaty	blaszka
guzikowy	guzik
dereszowaty	deresz
skrzydlaty	skrzydło
baniasty	bania
beczkowy	beczka
blaszany	blacha
cebulasty	cebula
kopulasty	kopuła
ostrosłupowy	ostrosłup
sferoidalny	sferoida
siodłowaty	siodło
soczewkowaty	soczewka
spiralny	spirala
łukowaty	łuk
workowaty	worek
workowaty	worek
rasistowski	rasista
arystotelesowski	Arystoteles
heglowski	Hegel
kantowski	Kant
platoński	Platon
spekulatywny	spekulacja
galaretowaty	galareta
gumowaty	guma
kakaowy	kakao
kakaowy	kakao
mazisty	maź
papkowaty	papka
śluzowaty	śluz
sensacyjny	sensacja
szwejkowski	Szwejk
horrendalny	horrendum
krzewiasty	krzew
kaczkowaty	kaczka
lunatyczny	lunatyk
mongoloidalny	mongoloid
katorżniczy	katorga
poczwarny	poczwara
pokraczny	pokraka
puchaty	puch
robaczy	robak
upiorny	upiór
zgiełkliwy	zgiełk
tortowy	tort
łańcuszkowy	łańcuszek
koguci	kogut
bliznowaty	blizna
rakowaty	rak
siateczkowaty	siateczka
tunelowy	tunel
kamienny	kamień
kolankowy	kolanko
marmurowy	marmur
mozaikowy	mozaika
mozaikowaty	mozaika
balzakowski	Balzak
fredrowski	Fredro
karykaturalny	karykatura
komiksowy	komiks
sienkiewiczowski	Sienkiewicz
tykowaty	tyka
tykowaty	tyka
gargantuiczny	Gargantua
gargantuiczny	Gargantua
opalowy	opal
herodowy	Herod
bukoliczny	bukolika
elegijny	elegia
horacjański	Horacy
hymniczny	hymn
panegiryczny	panegiryk
płaszczowy	płaszcz
sierpowy	sierp
ślimakowy	ślimak
pofalowany	fala
dzwonowaty	dzwon
stożkowy	stożek
lejkowaty	lejek
lejowaty	lej
gruczołowaty	gruczoł
głowiasty	głowa
kryształowy	kryształ
kryształowy	kryształ
kubełkowy	kubełek
piłkowany	piłka
zdrewniały	drewno
ząbkowany	ząb
miodny	miód
miodowy	miód
guzkowaty	guzek
guzkowaty	guzek
mieczykowaty	mieczyk
prostoliniowy	linia
perlisty	perła
wiechowaty	wiecha
plackowaty	placek
pieniacki	pieniacz
kielichowy	kielich
głupkowaty	głupek
głupowaty	głup
tenorowy	tenor
barytonowy	baryton
basowy	bas
bełkotliwy	bełkot
bełkotliwy	bełkot
chrapliwy	chrapanie
dychawiczny	dychawica
gromowy	grom
jazgotliwy	jazgot
metaliczny	metal
metaliczny	metal
pijacki	pijak
pijacki	pijak
rozpłakany	płacz
skrzekliwy	skrzek
śpiewny	śpiew
świergotliwy	świergot
szczebiotliwy	szczebiot
szczekliwy	szczek
szczekliwy	szczek
labiryntowy	labirynt
klockowaty	klocek
pudełkowaty	pudełko
amfiteatralny	amfiteatr
biesiadny	biesiada
lustrzany	lustro
zwierciadlany	zwierciadło
atletyczny	atleta
baryłkowaty	baryłka
gumiasty	guma
szkieletowaty	szkielet
szkieletowaty	szkielet
ciastowaty	ciasto
kluchowaty	klucha
szczurzy	szczur
lalkowaty	lalka
lisi	lis
mięsisty	mięso
pokerowy	poker
pucułowaty	puca
władczy	władca
anielski	anioł
anielski	anioł
szlamowaty	szlam
żelazisty	żelazo
mrówczy	mrówka
niewolniczy	niewolnictwo
piramidalny	piramida
włoskowaty	włosek
hipisowski	hipis
koci	kot
wężowy	wąż
kolisty	koło
machinalny	machina
sekciarski	sekta
trzepotliwy	trzepot
cytrynowożółty	cytryna
tęczowy	tęcza
przedsiębiorczy	przedsiębiorca
chmurny	chmura
mickiewiczowski	Mickiewicz
norwidowski	Norwid
talmudyczny	Talmud
pierścienny	pierścień
cebulkowaty	cebulka
motylkowaty	motyl
stalowy	stal
bulwiasty	bulwa
garbaty	garb
haczykowaty	haczyk
kartoflowaty	kartofel
krogulczy	krogulec
laskonogi	laska
sępi	sęp
marionetkowy	marionetka
tyrański	tyran
iglasty	igła
sosnowy	sosna
główkowaty	główka
klinowy	klin
klinowaty	klin
księżycowaty	księżyc
mamuci	mamut
ramienny	ramię
szczękowy	szczęka
łódkowaty	łódka
patriarchalny	patriarcha
dzwonkowaty	dzwonek
kielichowaty	kielich
języczkowaty	języczek
rurkowaty	rurka
lancetowaty	lancet
mechaty	mech
oszczepowaty	oszczep
palczasty	palec
pierzasty	pióro
pierzasty	pióro
rynienkowaty	rynienka
sercowaty	serce
skórzasty	skóra
strzałkowaty	strzałka
szablasty	szabla
wachlarzowaty	wachlarz
feudalny	feudalizm
molierowski	Molier
skóropodobny	skóra
satelicki	satelita
rojny	rój
brodawkowaty	brodawka
grzebieniasty	grzebień
defensywny	defensywa
teatralny	teatr
europejski	Europa
szkocki	Szkocja
małopolski	Małopolska
szklany	szkło
winny	wino
renesansowy	renesans
lodowaty	lód
ameboidalny	ameba
pełzakowaty	pełzak
żarłoczny	żarłok
żakowski	żak
wieprzowaty	wieprz
słoniowy	słoń
pierścieniowy	pierścień
kaskadowy	kaskada
posągowy	posąg
nawykowy	nawyk
siodłowy	siodło
heideggerowski	Heidegger
kolebkowy	kolebka
freudowski	Freud
choinkowy	choinka
bachowski	Bach
dantejski	Dante
disneyowski	Disney
jogurtowy	jogurt
mleczny	mleko
klubowy	klub
kwiatowy	kwiat
symptomatyczny	symptom
letni	lato
zimowy	zima
jesienny	jesień
limonkowy	limonka
ptaszęcy	ptaszę
bergmanowski	Bergman
darwinowski	Darwin
einsteinowski	Einstein
felliniowski	Fellini
chopinowski	Chopin
chopinowski	Chopin
ranczowy	Ranczo
uszaty	ucho
hitlerowski	Hitler
ludzki	ludzie
agenturalny	agentura
brukowy	bruk
kossakowski	Kossak
juliański	Juliusz Cezar
justyniański	Justynian
szekspirowski	Szekspir
lalusiowaty	laluś
fircykowaty	fircyk
beethovenowski	Beethoven
kafkowski	Kafka
księżycowy	księżyc
cerkiewny	cerkiew
bukowy	buk
jesionowy	jesion
karnawałowy	karnawał
jarzębinowy	jarzębina
bzowy	bez
bzowy	bez
kaczy	kaczka
kaczy	kaczka
kaczkowaty	kaczka
króliczy	królik
zwierzęcy	zwierzę
szampański	szampan
owadzi	owad
weselny	wesele
ptasi	ptak
słoniowy	słoń
słoniowaty	słoń
papirusowy	papirus
kwietny	kwiat
wąsaty	wąs
książęcy	książę
siatkowaty	siatka
migdałowaty	migdał
klanowy	klan
modzelowaty	modzel
żmijowaty	żmija
dyniowaty	dynia
papugowaty	papuga
papugowaty	papuga
papugowaty	papuga
gapowaty	gapa
gapowaty	gapa
ropuchowaty	ropucha
ropuchowaty	ropucha
ropuchowaty	ropucha
ropuchowaty	ropucha
gwiazdkowaty	gwiazdka
jaszczurowaty	jaszczur
jaszczurowaty	jaszczur
płatowaty	płat
robakowaty	robak
szczurowaty	szczur
disnejowski	Disney
szczurowaty	szczur
szczurowaty	szczur
ślimakowaty	ślimak
żabowaty	żaba
żabowaty	żaba
hippisowski	hippis
łódeczkowaty	łódeczka
chomikowaty	chomik
chomikowaty	chomik
cycaty	cyc
świniowaty	świnia
szczecinowaty	szczecina
spacerowy	spacer
szczelinowy	szczelina
encyklopedyczny	encyklopedia
flaubertowski	Flaubert
żywiczny	żywica
żywiczny	żywica
pityjski	Pytia
proustowski	Proust
szopenowski	Szopen
szopenowski	Szopen
zygzakowaty	zygzak
miseczkowaty	miseczka
dyskowaty	dysk
kiszkowaty	kiszka
listkowaty	listek
trapezowaty	trapez
talerzowaty	talerz
wałeczkowaty	wałeczek
śledziowaty	śledź
śledziowaty	śledź
siodełkowaty	siodełko
chrząstkowaty	chrząstka
kremowy	krem
boyowski	Boy
schillerowski	Schiller
chaplinowski	Chaplin
chaplinowski	Chaplin
spencerowski	Spencer
wasalski	wasal
bajronowski	Byron
beatlesowski	Beatles
beatlesowski	Beatles
małżowinowy	małżowina
tuwimowski	Tuwim
łopatowaty	łopata
poduszkowaty	poduszka
misiowaty	miś
igiełkowaty	igiełka
chamowaty	cham
tarantowaty	tarant
gogolowski	Gogol
wężykowaty	wężyk
mimozowaty	mimoza
klepsydrowy	klepsydra
szparowaty	szpara
poduszeczkowaty	poduszeczka
jungowski	Jung
spielbergowski	Spielberg
flakowaty	flak
bergsonowski	Bergson
grottgerowski	Grottger
grottgerowski	Grottger
maltuzjański	Malthus
rejowski	Rej
heraklitejski	Heraklit
walterskotowski	Walter Scott
witkacowski	Witkacy
dickensowski	Dickens
byronowski	Byron
mannowski	Mann
ognisty	ogień
wymoczkowaty	wymoczek
grzybowaty	grzyb
jaszczurkowaty	jaszczurka
jabłkowaty	jabłko
ognisty	ogień
serowaty	ser biały
oliwkowaty	oliwka
oliwkowaty	oliwka
oliwkowaty	oliwka
szczotkowaty	szczotka
marmurkowaty	marmurek
powojowaty	powój
grzebykowaty	grzebyk
pajęczynowaty	pajęczyna
butelkowaty	butelka
igłowaty	igła
gadulski	gaduła
ibsenowski	Ibsen
nożycowaty	nożyce
ryjkowaty	ryjek
kretschmerowski	Kretschmer
bocianowaty	bocian
mieczowaty	miecz
pędzelkowaty	pędzelek
kopułowaty	kopuła
bachtinowski	Bachtin
herbertowski	Herbert
daszkowy	daszek
bryjowaty	bryja
marmurkowany	marmurek
monteskiuszowski	Monteskiusz
werterowski	Werter
almanachowy	almanach
mazgajowaty	mazgaj
sztyletowaty	sztylet
biczowaty	bicz
sportowy	sport
elipsowaty	elipsa
kołkowaty	kołek
wstęgowaty	wstęga
szydłowaty	szydło
pałkowaty	pałka
iksowaty	iks
kłosowaty	kłos
patyczkowaty	patyczek
szyszkowaty	szyszka
muszlowaty	muszla
chochlikowaty	chochlik
lisowaty	lis
językowaty	język
świdrowaty	świder
uszkowaty	uszko
uszkowaty	uszko
słupowaty	słup
brejowaty	breja
kameleonowaty	kameleon
kameleonowaty	kameleon
krzaczkowaty	krzaczek
miskowaty	miska
misowaty	misa
traperski	traper
alabastrowy	alabaster
antyczny	antyk
chippendalowski	chippendale
demiurgiczny	demiurg
demiurgiczny	demiurg
bucowaty	buc
stwórczy	Stwórca
stwórczy	stwórca
mahlerowski	Mahler
rabelaisowski	Rabelais
stańczykowski	Stańczyk
tołstojowski	Tołstoj
tołstojowski	Tołstoj
picassowski	Picasso
cebulowaty	cebula
schopenhauerowski	Schopenhauer
edypowy	Edyp
kubłowaty	kubeł
stendhalowski	Stendhal
brahmsowski	Brahms
witkiewiczowski	Witkiewicz
klejowaty	klej
utracjuszowski	utracjusz
torpedowaty	torpeda
bluszczowaty	bluszcz
pascalowski	Pascal
lenniczy	lennik
conradowski	Conrad
schodkowany	schodki
ambrozyjski	ambrozja
frantowski	frant
debilowaty	debil
biesowski	bies
krzyżakowaty	krzyżak
rózgowaty	rózga
taśmowaty	taśma
orzechowy	orzech
orzechowaty	orzech
mięczakowaty	mięczak
faraoński	faraon
grynderski	grynderstwo
mefistofeliczny	Mefisto
mefistofelesowski	Mefistofeles
mefistofelesowski	Mefistofeles
mefistofeliczny	Mefisto
mefistofelowy	Mefisto
mefistofelesowy	Mefistofeles
pokrzywowaty	pokrzywa
pajacowaty	pajac
pajacowaty	pajac
pajacowaty	pajac
kolbowaty	kolba
kolbowaty	kolba
piórkowaty	piórko
lirowaty	lira
osowaty	osa
osowaty	osa
potworkowaty	potworek
młoteczkowy	młoteczek
młoteczkowaty	młoteczek
betonowy	beton
półniewolniczy	niewolnik
drewniany	drewno
diamentowy	diament
dywanowy	dywan
czereśniowy	czereśnia
czereśniowy	czereśnia
dębowy	dąb
brzoskwiniowy	brzoskwinia
diamentowy	diament
diamentowy	diament
dzwonowy	dzwon
wolteriański	Wolter
papierowy	papier
lniany	len
kalafiorowy	kalafior
orzechowy	orzech
malinowy	malina
lizusowski	lizus
mosiężny	mosiądz
mosiężny	mosiądz
drzewny	drzewo
mahoniowy	mahoń
brzoskwiniowy	brzoskwinia
brzozowy	brzoza
cebulkowy	cebulka
eukaliptusowy	eukaliptus
różany	róża
różany	róża
łyżkowaty	łyżka
padalcowaty	padalec
rafaelowski	Rafael
rembrandtowski	Rembrandt
schulzowski	Schulz
sznurowaty	sznur
kostkowaty	kostka
rembrandtowski	Rembrandt
śmieciarski	śmieć
wajdowski	Wajda
goździkowy	goździk
katoński	Katon
katoński	Katon
katoński	katon
mułowaty	muł
keplerowski	Kepler
mułowaty	muł
mułowaty	muł
soplicowski	Soplicowo
szmaciarski	szmaciarz
mułowaty	muł
szmaciarski	szmata
piankowaty	pianka
wolterowski	Wolter
płetwowaty	płetwa
granitowy	granit
kamforowy	kamfora
błyskawicowy	błyskawica
piorunowy	piorun
gorczycowy	gorczyca
jedwabny	jedwab
gruszkowy	gruszka
anyżowy	anyż
jabłoniowy	jabłoń
taninowy	tanina
rodzynkowy	rodzynek
jedwabisty	jedwab
leśny	las
jodłowy	jodła
kamforowy	kamfora
eksplozyjny	eksplozja
eksplozyjny	eksplozja
kiełbasiany	kiełbasa
jajeczny	jajko
jajeczny	jajko
rybny	ryba
rybny	ryba
śledziowaty	śledź
śledziowaty	śledź
chrzanowy	chrzan
chrzanowy	chrzan
kminkowy	kminek
musztardowy	musztarda
pieprzowy	pieprz
piołunowy	piołun
maskowaty	maska
recytacyjny	recytacja
cewkowaty	cewka
kandelabrowy	kandelabr
kłaczkowaty	kłaczek
wachlarzykowaty	wachlarzyk
flądrowaty	flądra
flakowaty	flak
renegacki	renegat
romboedryczny	romboedr
słupkowaty	słupek
tabliczkowaty	tabliczka
szopowaty	szop
szopowaty	szopa
sferyczny	sfera
szopowaty	szopa
dłutowaty	dłuto
groszkowaty	groszek
groszkowaty	groszek
satynowy	satyna
ziołowy	zioło
ziołowy	zioło
rumiankowy	rumianek
wołowy	wół
trzciniasty	trzcina
turzycowaty	turzyca
kartonowy	karton
morwowy	morwa
owocowy	owoc
morelowy	morela
wiśniowy	wiśnia
jaśminowy	jaśmin
jaśminowy	jaśmin
lawendowy	lawenda
kolisty	koło
pochwiasty	pochwa
szerokoeliptyczny	elipsa
koralikowy	koralik
fauni	faun
kapłoni	kapłon
byczy	byk
rozetkowy	rozeta
funkcjonalistyczny	funkcjonalizm
łodyżkowy	łodyżka
mięsopodobny	mięso
błonkowaty	błonka
drzewkowaty	drzewko
guzikowaty	guzik
szpilkowaty	szpilka
szpilkowaty	szpilka
trąbkowaty	trąbka
flejtuchowaty	flejtuch
frędzlowaty	frędzel
ferroelektryczny	ferroelektryk
dłoniasty	dłoń
iłowaty	ił
szopowy	szopa
piłowaty	piła
świrowaty	świr
świrowaty	świr
morowy	mora
porcelanowy	porcelana
słupiasty	słup
dzwonkowy	dzwonek
karowy	karo
sercowy	serce
sałatowy	sałata
słomiany	słoma
ulotkowy	ulotka
śledziowy	Śledziu
taftowy	tafta
tweedowy	tweed
tynkowy	tynk
kubełkowy	kubełek
funkcjonalistyczny	funkcjonalizm
grzybiasty	grzyb
małpiasty	małpa
szpilkowy	szpilka
jaspisowy	jaspis
ryjowaty	ryj
puchowy	puch
cukrowy	cukier
mączny	mąka
zwierzęcy	zwierzę
warzywny	warzywo
jałowcowy	jałowiec
pierwiosnkowy	pierwiosnek
cudacki	cudak
jarzynowy	jarzyna
miętowy	mięta
amebowaty	ameba
kubkowaty	kubek
schodkowaty	schodki
jamnikowaty	jamnik
śrubowaty	śruba
śrubkowaty	śrubka
bufonowaty	bufon
matołkowaty	matołek
ananasowaty	ananas
świniopodobny	świnia
ananasowy	ananas
ogórkowaty	ogórek
truflowaty	trufla
pieprzowaty	pieprz
poduchowaty	poducha
poduchowaty	poducha
słodowy	słód
buraczany	burak
rynsztokowy	rynsztok
czosnkowy	czosnek
ogórkowy	ogórek
cytrusowy	cytrus
grejpfrutowy	grejpfrut
grapefruitowy	grapefruit
jabłkowy	jabłko
jagodowy	jagoda
pomarańczowy	pomarańcza
poziomkowy	poziomka
truskawkowy	truskawka
truskawkowy	truskawka
marmurowy	marmur
poliestrowy	poliester
plastikowy	plastik
chemiczny	chemia
chemiczny	chemia
dziobowaty	dziób
mozaikowy	mozaika
piosenkowy	piosenka
oratorski	orator
krasomówczy	krasomówca
sowizdrzalski	sowizdrzał
mopsowaty	mops
paciorkowy	paciorek
łodygowaty	łodyga
kopiaty	kopa
gogusiowaty	goguś
survivalowy	survival
pokrzywkowy	pokrzywka
ospowy	ospa
lnianowłosy	len
słomianowłosy	słoma
rumieniowaty	rumień
niedźwiedzi	niedźwiedź
niedźwiedzi	niedźwiedź
grzybkowaty	grzybek
pergaminowaty	pergamin
heraklitowy	Heraklit
wampirzy	wampir
wałkowaty	wałek
steroidowy	steroid
guziczkowaty	guziczek
trupioblady	trup
widełkowy	widełki
groniasty	grono
edypalny	Edyp
bruzdowaty	bruzda
truflowy	trufla
truflowy	trufla
koźlonogi	kozioł
truflowaty	trufla
pieprzowaty	pieprz
ciotowaty	ciota
truflowy	trufla
truflowaty	trufla
truflowy	trufla
perłowy	masa perłowa
bulionowy	bulion
karmelowy	karmel
wielokątny	wielokąt
karmelowy	karmel
żakardowy	żakard
kulistawy	kula
trawiastozielony	trawa
płytkowaty	płytka
arystotelesowy	Arystoteles
tasiemcowaty	tasiemiec
łupkowaty	łupek
modliszkowaty	modliszka
balonowaty	balon
wiosłowaty	wiosło
małpowaty	małpa
frędzelkowaty	frędzelek
deskowaty	deska
tarczkowaty	tarczka
ilasty	ił
mchowaty	mech
skunksowy	skunks
palcowaty	palec
ochrowy	ochra
ugrowy	ugier
socjobiologiczny	socjobiologia
cisawy	cis
batikowy	batik
szczeciniasty	szczecina
popiołowy	popiół
sterydowy	steryd
mickiewiczowy	Mickiewicz
świecowy	świeca
herbaciany	herbata
herbaciany	herbata
szablisty	szabla
muszelkowaty	muszelka
bańkowaty	bańka
szyszkowy	szyszka
szyszkowy	szyszka
żebrowaty	żebro
tabliczkowy	tabliczka
syropowaty	syrop
pucharowy	puchar
serowy	ser
moczarowaty	moczar
pustynny	pustynia
grypowy	grypa
sarkofagowy	sarkofag
pawilonowy	pawilon
szałasowy	szałas
księżycowy	Księżyc
rzodkiewkowy	rzodkiewka
babkowaty	babka
polipowaty	polip
babkowaty	babka
babkowaty	babka
baldaszkowaty	baldaszek
jaskrowy	jaskra
szajsowaty	szajs
badziewny	badziewie
płomienisty	płomień
laurkowy	laurka
selerowy	seler
szałasowy	szałas
płatkowaty	płatek
tumanowaty	tuman
mangowy	mango
półciężarowy	półciężarówka
proszkowaty	proszek
rozetkowaty	rozetka
gadzi	gad
kaszowaty	kasza
kołtunowaty	kołtun
narcyzowaty	narcyz
jaszczurzy	jaszczur
krokodyli	krokodyl
lamparci	lampart
lamparci	lampart
ropuszy	ropucha
rysi	ryś
drozdowaty	drozd
szczupaczy	szczupak
dzbankowaty	dzbanek
kulkowaty	kulka
mrukowaty	mruk
milczkowaty	milczek
zamszowaty	zamsz
zamszowaty	zamsz
kundlowaty	kundel
kundlowaty	kundel
wałowaty	wał
wałowaty	wał
łękowaty	łęk
gulaszowy	gulasz
fotograficzny	fotografia
samotniczy	samotnik
siarkowożółty	siarka
kopertowy	koperta
kopertowy	koperta
koszulowy	koszula
babkowaty	babka
meteoryczny	meteor
medalionowy	medalion
medalionowy	medalion
klajstrowaty	klajster
talerzykowaty	talerzyk
bułowaty	buła
bułowaty	buła
bułowaty	buła
człeczy	człowiek
aroniowy	aronia
denimowy	denim
jeansowy	jeans
iłowy	ił
koniowaty	koń
polipowaty	polip
brokatowy	brokat
cykoriowy	cykoria
daktylowy	daktyl
pucaty	puca
bananowaty	banan
gryzoniowaty	gryzoń
watowaty	wata
brokułowy	brokuł
szpinakowy	szpinak
jagnięcy	jagnię
karbunkułowy	karbunkuł
ziemniaczany	ziemniak
kartoflany	kartofel
gardzielowy	gardziel
gardzielowy	gardziel
koprowy	kopr
kukurydziany	kukurydza
manganowy	mangan
żelatynowaty	żelatyna
satelitarny	satelita
plastykowy	plastyk
marcepanowy	marcepan
marchwiany	marchew
kasztanowy	kasztan
spiżowy	spiż
szpinakowy	szpinak
burzliwy	burza
waciany	wata
waciany	wata
zbożowy	zboże
kołyskowy	kołyska
katatoniczny	katatonia
pęcherzowy	pęcherz
wiatronogi	wiatr
sowi	sowa
blackmetalowy	black metal
deathmetalowy	death metal
thrashmetalowy	thrash metal
folkmetalowy	folk metal
żbiczy	żbik
powermetalowy	power metal
jazzrockowy	jazz-rock
poprockowy	pop-rock
perkalikowy	perkalik
chuchrowaty	chuchro
budyniowaty	budyń
krukowaty	kruk
nekrologiczny	nekrolog
ciasteczkowy	ciasteczko
ciasteczkowy	ciasteczko
ciasteczkowy	ciasteczko
rosołowy	rosół
kołyskowy	kołyska
smolny	smoła
łazarzy	łazarz
wapienny	wapno
welinowy	welin
płomykowaty	płomyk
piaszczysty	piasek
fusowaty	fusy
piernikowy	piernik
piernikowy	piernik
piernikowy	piernik
gąbkowaty	gąbka
maziowaty	maź
kotlinowaty	kotlina
aniołkowaty	aniołek
młotowaty	młot
młotowaty	młot
terasowaty	terasa
wydrowaty	wydra
rowkowaty	rowek
przecinkowaty	przecinek
wieżyczkowaty	wieżyczka
szczapowaty	szczapa
żyłowaty	żyła
jelonkowaty	jelonek
pilśniowaty	pilśń
urwisowaty	urwis
perełkowaty	perełka
pudłowaty	pudło
obeliskowy	obelisk
skórzany	skóra
granatowy	granat
śliwkowy	śliwka
śliwkowy	śliwka
głąbowaty	głąb
fasolowaty	fasola
gniotowaty	gniot
kloszowaty	klosz
bochenkowaty	bochenek
strupowaty	strup
żużlowaty	żużel
kolbkowaty	kolbka
robaczkowaty	robaczek
czapeczkowaty	czapeczka
łobuzowaty	łobuz
błaznowaty	błazen
szklany	szkło
szylkretowy	szylkret
woreczkowaty	woreczek
szczecinkowaty	szczecinka
ruderowaty	rudera
kociołkowaty	kociołek
wiechciowaty	wiecheć
bulwowaty	bulwa
piłkowaty	piłka
zębowaty	ząb
miotełkowaty	miotełka
czułkowaty	czułek
lakowy	lak
skórkowaty	skórka
hienowaty	hiena
kryształkowy	kryształek
kapuściany	kapusta
kapuściany	kapusta
żwirowaty	żwir
naftowy	nafta
naftowy	nafta
maślany	masło
masłowy	masło
nożowaty	nóż
szuflowaty	szufla
kartofelkowaty	kartofelek
lemurowaty	lemur
jajkowaty	jajko
hedonistyczny	hedonizm
szmaciany	szmata
tartanowy	tartan
kieliszkowaty	kieliszek
tytanowy	tytan
piaskowaty	piasek
żelatynowy	żelatyna
żelowy	żel
zaduszkowy	Zaduszki
metaliczny	metal
cherubinkowaty	cherubinek
mendowaty	menda
kopytkowaty	kopytko
plastrowaty	plaster
mózgowaty	mózg
mózgowaty	mózg
żeberkowaty	żeberko
taranowy	taran
dziobkowaty	dziobek
zdzirowaty	zdzira
zdzirowaty	zdzira
wieńcowy	wieniec
piramidowy	piramida
rozkroczny	rozkrok
amoniakowy	amoniak
anyżkowy	anyżek
czekoladopodobny	czekolada
chlorofilowy	chlorofil
pudrowy	puder
pudrowy	puder
krzaczasty	krzak
kłębiasty	kłąb
kompotowy	kompot
hełmiasty	hełm
kulfoniasty	kulfon
kulfoniasty	kulfon
kulfoniasty	kulfon
kulfoniasty	kulfon
referatowy	referat
slumsowy	slumsy
miotlasty	miotła
kapturkowaty	kapturek
kobylasty	kobyła
kobylasty	kobyła
kołtuniasty	kołtun
kołtuniasty	kołtun
lukrowy	lukier
skorupiasty	skorupa
syfiasty	syf
swingowy	swing
sfinksowy	sfinks
toroidalny	toroid
szafiasty	szafa
bibulasty	bibuła
krowiasty	krowa
krowiasty	krowa
korzeniasty	korzeń
rozetowy	rozeta
gwiazdorski	gwiazdor
skorupowy	skorupa
kapustowaty	kapusta
kapustowaty	kapusta
arcydzielny	arcydzieło
elficki	elf
popielny	popiół
mulasty	muł
kometowy	kometa
lucyferyczny	Lucyfer
pajęczasty	pająk
łachmaniasty	łachman
bielasty	biel
pufiasty	puf
bąblasty	bąbel
bulasty	buła
torbiasty	torba
wrzecionowy	wrzeciono
badylasty	badyl
otrębiasty	otręby
słomiasty	słoma
słomiasty	słoma
koszyczkowy	koszyczek
mumiowy	mumia
trąbiasty	trąba
grypopodobny	grypa
przebojowy	przebój
krzaczysty	krzak
ruletkowy	ruletka
owalnicowy	owalnica
żarzysty	żar
purpurowy	purpura
purpurowy	purpura
hołdowniczy	hołdownik
hołdowny	hołdownik
dachówkowy	dachówka
oceaniczny	ocean
witalistyczny	witalizm
woluntarystyczny	woluntaryzm
trąbiasty	trąba
jeżasty	jeż
bałwaniasty	bałwan
bałwaniasty	bałwan
mączasty	mąka
bigbitowy	bigbit
rockandrollowy	rock and roll
burgundowy	burgund
jazzowy	jazz
heliotropowy	heliotrop
heliotropowy	heliotrop
krwawnikowy	krwawnik
kloniczny	klonus
trocinowy	trociny
węglisty	węgiel
altowy	alt
harfowy	harfa
domkowy	domek
magnoliowy	magnolia
mandarynkowy	mandarynka
mandarynkowy	mandarynka
grzebykowy	grzebyk
wstęgowy	wstęga
syfny	syf
oktagonalny	oktagon
procesjonalny	procesja
rozstajny	rozstaj
estrogenny	estrogen
kwartetowy	kwartet
kwartetowy	kwartet
marynarkowy	marynarka
kadzidłowy	kadzidło
flegmisty	flegma
gilotynowy	gilotyna
orzechowaty	orzechowate
krążkowy	krążek
popielisty	popiół
altowy	alt
zefiryczny	zefir
frędzlisty	frędzel
frędzlasty	frędzel
wzgórzysty	wzgórze
dłoniastodzielny	dłoń
judaszowy	judasz
judaszowy	Judasz
smokingowy	smoking
żebraczy	żebractwo
żebraczy	żebrak
lejowy	lej
galeriowy	galeria
galeriowy	galeria
irysowy	irys
rakowaty	rak
syndromatyczny	syndrom
schizofreniczny	schizofrenia
schizoidalny	schizoid
kaktusowaty	kaktus
atrakcyjny	atrakcja
karmelkowy	karmelek
karmelkowy	karmelek
proteuszowy	proteusz
żeberkowy	żebro
koszowy	kosz
jamniczy	jamnik
bawełnopodobny	bawełna
altanowy	altana
borówkowy	borówka
synestetyczny	synestezja
kontrabasowy	kontrabas
projektorowy	projektor
paprociowy	paproć
drabiniasty	drabina
drobnicowy	drobnica
kolendrowy	kolendra
majerankowy	majeranek
helikalny	helisa
pelargoniowy	pelargonia
tetraedryczny	tetraedr
wieżyczkowy	wieżyczka
rurowaty	rura
kłosokształtny	kłos
gwiazdowaty	gwiazda
nugatowy	nugat
kartaczowy	kartacz
agregacyjny	agregacja
szympansi	szympans
wachlarzowy	wachlarz
świegotliwy	świegot
jantarowy	jantar
amberowy	amber
malwowy	malwa
epitafijny	epitafium
miazmatyczny	miazmaty
półeliptyczny	półelipsa
pętlowy	pętla
srebrnowłosy	srebro
talerzowy	talerz
lukrecjowy	lukrecja
lukrecjowy	lukrecja
lukrecjowy	lukrecja
łyżkowy	łyżka
kompostowy	kompost
tropikalny	tropik
półtropikalny	tropik
biszkoptowy	biszkopt
drożdżowy	drożdże
sezamowy	sezam
szalowy	szal
bławatny	bławatek
kotwicowy	kotwica
terkotliwy	terkot
wampiryczny	wampir
arbuzowy	arbuz
arbuzowy	arbuz
onanistyczny	onanizm
gipiurowy	gipiura
nadczłowieczy	nadczłowiek
arenowy	arena
wiankowy	wianek
grzybkowy	grzyb
rozpuszczalnikowy	rozpuszczalnik
sandwiczowy	sandwicz
kanapkowy	kanapka
likierowy	likier
rozgrzewkowy	rozgrzewka
szablowy	szabla
hiacyntowy	hiacynt
hiacyntowy	hiacynt
monolitowy	monolit
monolityczny	monolit
makrokosmiczny	makrokosmos
makrokosmiczny	makrokosmos
porcelitowy	porcelit
karuzelowy	karuzela
niezapominajkowy	niezapominajka
dytyrambiczny	dytyramb
pięciokątny	pięciokąt
pentagonalny	pentagon
wydarzeniowy	wydarzenie
glonowy	glon
kaduczny	kaduk
piekielny	piekło
tralkowy	tralka
łódkowy	łódka
łódkowy	łódka
główkowy	główka
tarczkowy	tarczka
partyturowy	partytura
menuetowy	menuet
menuetowy	menuet
polonezowy	polonez
szałwiowy	szałwia
konopiany	konopie
mgielny	mgła
mgielny	mgła
szablastozębny	szabla
kontrkulturowy	kontrkultura
misiowy	miś
misiowy	miś
młotkowy	młotek
młotkowy	młotek
otchłanny	otchłań
otchłanny	otchłań
otchłanny	otchłań
guziczkowy	guziczek
zygzakowy	zygzak
zygzakowy	zygzak
aforystyczny	aforyzm
dachówkowaty	dachówka
monstrualny	monstrum
francowaty	franca
fagotowy	fagot
nowofalowy	nowa fala
burleskowy	burleska
szopkowy	szopka
fekalny	fekalia
krezusowy	krezus
laserunkowy	laserunek
kaparowy	kapar
śpiączkowy	śpiączka
bluegrassowy	bluegrass
gorsetowy	gorset
długopisowy	długopis
równoległoboczny	równoległobok
ciastkowy	ciastko
ciastkowy	ciastko
ostrygowy	ostryga
poligonalny	poligon
octowy	ocet
siarkowy	siarka
siarczany	siarka
amebowy	ameba
miodny	miód
muszkatołowy	gałka muszkatołowa
kapilarny	kapilara
kółkowy	kółko
drabinowy	drabina
hipokratesowy	Hipokrates
hipokratesowski	Hipokrates
bumerangowy	bumerang
imbirowy	imbir
lodowy	lód
lodowy	lód
sandałowy	sandałowiec
kadzidlany	kadzidło
piżmowy	piżmo
waflowy	wafel
zawiesinowy	zawiesina
pieczarkowy	pieczarka
pleśniowy	pleśń
wielbłądzi	wielbłąd
umizgliwy	umizgi
matuzalemowy	Matuzalem
trzcinowaty	trzcina
szynkowy	szynka
pindaryczny	Pindar
pamfletowy	pamflet
plebiscytarny	plebiscyt
orgastyczny	orgazm
poematowy	poemat
telenowelowy	telenowela
soczewicowaty	soczewica
papuzi	papuga
papuzi	papuga
papuzi	papuga
papuzi	papuga
soczewicowaty	soczewica
potencjometryczny	potencjometr
purnonsensowy	purnonsens
buduarowy	buduar
drabinkowy	drabinka
piżamowy	piżama
lapisowy	lapis-lazuli
wielorybi	wieloryb
półzwierzęcy	zwierzę
drobnostkowy	drobnostka
półzwierzęcy	zwierzę
przedjesienny	jesień
warny	war
koniczynowy	koniczyna
koniczynowy	koniczyna
marzeniowy	marzenie
arakowy	arak
nomadyczny	nomadyzm
sukienkowy	sukienka
hulacki	hulaka
hulaszczy	hulaka
gołąbkowy	gołąb
gołąbkowy	gołąbek
gołąbkowy	gołąbek
gołębiowy	gołąb
trąbkowy	trąbka
płaszczkowaty	płaszczka
żonkilowy	żonkil
muskatowy	muskat
cherubinowy	cherubin
limonowy	limona
limetkowy	limetka
limonowy	limona
limetkowy	limetka
fiordowaty	fiord
fiordowaty	fiord
kucykowaty	kucyk
hipopotami	hipopotam
komarzy	komar
marmoladowy	marmolada
acetonowy	aceton
dandysowaty	dandys
szafowy	szafa
szafiasty	szafa
czaplowaty	czapla
żakietowy	żakiet
alizarynowy	alizaryna
babkowy	babka
keksowy	keks
dzbaneczkowaty	dzbaneczek
konfiturowy	konfitura
włoskowy	włosek
sitowaty	sito
sztambuchowy	sztambuch
kołpakowaty	kołpak
bajroniczny	Byron
budyniowy	budyń
kurczakowy	kurczak
majtkowy	majtki
dewastacyjny	dewastacja
dewastacyjny	dewastacja
cegiełkowy	cegiełka
melonowy	melon
melonowy	melon
trzecioświatowy	Trzeci Świat
rejowy	Rej
kurczakowy	kurczak
chłopacki	chłopak
zniemczały	Niemiec
anemonowy	anemon
koguci	kogut
żabotowy	żabot
nieckowy	niecka
niebny	niebo
szafranny	szafran
jadeitowy	jadeit
lilowy	lilia
wahabicki	wahabizm
wahhabicki	wahhabizm
oleodrukowy	oleodruk
leopardowy	leopard
oczojebkowy	oczojebka
jabłczany	jabłko
brogowy	bróg
koszenilowy	koszenila
piórowy	pióro
tulejowy	tuleja
czyśćcowy	czyściec
pisklęcy	pisklę
czyscowy	czyściec
koncertowy	koncert
zatokowaty	zatoka
buldoży	buldog
gutaperkowy	gutaperka
młotowy	młot
homeryczny	Homer
buldogowaty	buldog
kieliszkowy	kieliszek
kozłonogi	kozioł
parówkowy	parówka
baryłkowy	baryłka
narcyzowy	narcyz
narcyzowy	narcyz żonkil
lunaparkowy	lunapark
muskatowy	muskat
aldehydowy	aldehyd
monopoliczny	monopol
pokemonowy	pokemon
pokemonowy	Pokémon
pokemonowy	Pokémon
teowy	teownik
cęgowy	cęgi
konoidalny	konoida
kroplowy	kropla
latowy	lato
grzebieniowaty	grzebień
gałkowy	gałka muszkatołowa
filosemicki	filosemita
przypowieściowy	przypowieść
szczypiorkowy	szczypiorek
malkontencki	malkontent
paluszkowy	paluszek
uroczystościowy	uroczystość
fanfarowy	fanfara
widełkowaty	widełki
chromowy	chrom
prosięcy	prosię
gadokształtny	gad
ptysiowy	ptyś
fujarkowy	fujarka
meandryczny	meander
stokrotkowy	stokrotka
stokrotkowy	stokrotka
kaczeńcowy	kaczeniec
szmatławy	szmata
szmatławy	szmatławiec
pseudoklasycystyczny	pseudoklasycyzm
pochwowaty	pochwa
befsztykowy	befsztyk
befsztykowy	befsztyk
strączkowaty	strączek
słupkowy	słupek
lemoniadowy	lemoniada
lemoniadowy	lemoniada
leśny	las
kameowy	kamea
fajerwerkowy	fajerwerki
bibułowy	bibuła
tkaninowy	tkanina
garnkowy	garnek
czytankowy	czytanka
jeżowaty	jeż
discopolowy	discopolo
cytadelowy	cytadela
grzmotliwy	grzmot
wstążkowy	wstążka
klejki	klej
kliprowy	kliper
płazi	płaz
rzemieślny	rzemieślnik
sztyletowy	sztylet
obręczowy	obręcz
widziadlany	widziadło
widziadłowy	widziadło
nalewkowy	nalewka
nalewkowaty	nalewka
wełniasty	wełna
wełniasty	wełna
tajniacki	tajniak
tajniacki	tajniak
świstaczy	świstak
piorunny	piorun
siatkowany	siatka
fraczkowy	fraczek
gołębiowaty	gołąb
serwetkowy	serwetka
pagodowy	pagoda
bąkowaty	bąk
borowikowaty	borowik
prześcieradłowy	prześcieradło
bulimiczny	bulimia
galaretkowy	galaretka
żydowski	Żyd
notatkowy	notatka
autostradowy	autostrada
krzesłowy	krzesło
kukułkowaty	kukułka
kukułkowaty	kukułka
kulisowy	kulisa
wielosłowny	wielosłowie
kurkowaty	kurka
hortensjowy	hortensja
katorżny	katorga
kwiatkowy	kwiatek
kwiatkowy	kwiatek
lazaretowy	lazaret
powrózkowaty	powrózek
mrowiskowy	mrowisko
fartuszkowy	fartuszek
monetowy	moneta
morświnowaty	morświn
jajkowy	jajko
jajkowy	jajko
morwowaty	morwa
morwowaty	morwa
motylowy	motyl
motyli	motyl
motyli	motyl
mrówkowaty	mrówka
fontannowy	fontanna
muchowaty	mucha
muminkowy	muminek
muminkowaty	muminek
dzięciołowaty	dzięcioł
muszelkowy	muszelka
mydłkowaty	mydłek
leszczynowaty	leszczyna
nosorożcowaty	nosorożec
nitkowy	nitka
lirowy	lira
boczkowy	boczek
sikawkowy	sikawka
skansenowy	skansen
furgonowy	furgon
gąsienicowaty	gąsienica
czosnkowaty	czosnek
goździkowaty	goździk
słomowy	słoma
naszyjnikowy	naszyjnik
marcypanowy	marcypan
nitkowy	nitka
słowiczy	słowik
słowikowy	słowik
wodospadowy	wodospad
paprotkowaty	paprotka
miniowy	minia
kiełkowy	kiełek
noszowy	nosze
kocowy	koc
fasolowaty	fasola
fasolowy	fasola
fasolowaty	fasola
miotełkowy	miotełka
paziowaty	paź
sztabkowy	sztabka
tabakowy	tabaka
tabakowy	tabaka
korowodowy	korowód
kołchozowy	kołchoz
kołchoźny	kołchoz
mlaskowy	mlask
sykliwy	syk
pijaczy	pijak
dżetowy	dżet
adrenokortykotropowy	adrenokortykotropina
żukowaty	żuk
bigbeatowy	big-beat
żyrafowaty	żyrafa
żyłkowy	żyłka
iluzjonistyczny	iluzjonizm
purchawkowaty	purchawka
plastusiowy	Plastuś
tarczowy	tarcza
taczkowy	taczka
tapetowy	tapeta
szczawikowaty	szczawik
szczeciowaty	szczeć
sówkowaty	sówka
makaroniarski	makaroniarz
allenowski	Allen
allenowski	Allen
mazgajski	mazgaj
dymny	dym
barokowy	barok
rzemieślniczy	rzemieślnik
ognistopomarańczowy	ogień
anielski	anioł
mączny	mąka
mączny	mąka
mączysty	mąka
mączasty	mąka
morski	morze
szowinistyczny	szowinizm
kaskadowy	kaskada
faryzeuszowski	faryzeusz
faryzejski	faryzeusz
podaniowy	podanie
drobnomieszczański	drobnomieszczanin
misiowaty	miś
gwarny	gwar
kuglarski	kuglarz
tubowy	tuba
wodzowski	wódz
świński	świnia
kiszkowaty	kiszka
rurkowaty	rurki
gąsienicowaty	gąsienica
deszczowy	deszcz
słupowy	słup
kaznodziejski	kaznodzieja
sadystyczny	sadysta
tasiemcowaty	tasiemiec
kwadratowy	kwadrat
symfoniczny	symfonia
kleszczowy	kleszcze
kleszczowy	kleszcze
kliniczny	klinika
oleisty	olej
cukierkowy	cukierek
ascetyczny	asceta
kopułowy	kopuła
dziewczęcy	dziewczę
punktowy	punkt
tytoniowy	tytoń
ojcowski	ojciec
landrynkowy	landrynka
pastewny	pasza
małpi	małpa
żołnierski	żołnierz
nauczycielski	nauczyciel
wydrowaty	wydra
pergaminowy	pergamin
hardcorowy	hardcore
mieszczański	mieszczanin
zielony	zieleń
kurewski	kurwa
romansowy	romans
operowy	opera
operowy	opera
chłopięcy	chłopiec
łuskowaty	łuska
granitowy	granit
gówniany	gówno
rechotliwy	rechot
wodnisty	woda
sprawozdawczy	sprawozdanie
zdobywczy	zdobywca
wodnisty	woda
gospodarski	gospodarz
maniacki	mania
ziemisty	ziemia
koci	kot
powietrzny	powietrze
holograficzny	hologram
